Name,Age
Mariya,23
Name,Age
Mariya,23
Name,Age
Mariya,23
Name,Age
Mariya,23
NAME,AGE
Lionel Messi,31
NAME,AGE
Lionel Messi,31
NAME,AGE
Lionel Messi,31
NAME,AGE
Andres Iniesta,34
Lionel Messi,31
Andres Iniesta,34
NAME,AGE
Andres Iniesta,34
Lionel Messi,31
Andres Iniesta,34
Someone,nonaged
Andres Iniesta,34
Lionel Messi,31
,
Andres Iniesta,34
,
,
Someone,nonaged
Andres Iniesta,34
Lionel Messi,31
,
Andres Iniesta,34
,
,
Someone,nonaged
Andres Iniesta,34
Lionel Messi,31
Andres Iniesta,34
Someone,nonaged
Andres Iniesta,34
Lionel Messi,31
Andres Iniesta,34
Someone,nonaged
Andres Iniesta,34
Lionel Messi,31
Andres Iniesta,34
Someone,nonaged
Someone,nonaged
Someone,nonaged
Andres Iniesta,34
Lionel Messi,31
Andres Iniesta,34
Someone,nonaged
Andres Iniesta,34
Someone,nonaged
Andres Iniesta,34
Lionel Messi,31
Andres Iniesta,34
Someone,nonaged
Andres Iniesta,34
Lionel Messi,31
Andres Iniesta,34
Someone,nonaged
Andres Iniesta,34
Lionel Messi,31
Andres Iniesta,34
Someone,nonaged
Andres Iniesta,34
Lionel Messi,31
Andres Iniesta,34
Someone,nonaged
Andres Iniesta,34
Lionel Messi,31
Andres Iniesta,34
Someone,nonaged
Andres Iniesta,34
Lionel Messi,31
Andres Iniesta,34
Someone,nonaged
Andres Iniesta,34
Lionel Messi,31
Andres Iniesta,34
Someone,nonaged
Andres Iniesta,34
Lionel Messi,31
Andres Iniesta,34
Someone,nonaged
Andres Iniesta,34
Lionel Messi,31
Andres Iniesta,34
Someone,nonaged
Andres Iniesta,34
Lionel Messi,31
Andres Iniesta,34
Someone,nonaged
Andres Iniesta,34
Lionel Messi,31
Andres Iniesta,34
Someone,nonaged
Andres Iniesta,34
Lionel Messi,31
Andres Iniesta,34
Someone,nonaged
Andres Iniesta,34
Lionel Messi,31
Andres Iniesta,34
Someone,nonaged
Andres Iniesta,34
Lionel Messi,31
Andres Iniesta,34
Someone,nonaged
Andres Iniesta,34
Lionel Messi,31
Andres Iniesta,34
Someone,nonaged
Andres Iniesta,34
Lionel Messi,31
Andres Iniesta,34
Someone,nonaged
Andres Iniesta,34
Lionel Messi,31
Andres Iniesta,34
Someone,nonaged
Andres Iniesta,34
Lionel Messi,31
Andres Iniesta,34
Someone,nonaged
Andres Iniesta,34
Lionel Messi,31
Andres Iniesta,34
Someone,nonaged
Andres Iniesta,34
Lionel Messi,31
Andres Iniesta,34
Someone,nonaged
Andres Iniesta,34
Lionel Messi,31
Andres Iniesta,34
Someone,nonaged
Andres Iniesta,34
Lionel Messi,31
Andres Iniesta,34
Someone,nonaged
Andres Iniesta,34
Lionel Messi,31
Andres Iniesta,34
Someone,nonaged
Andres Iniesta,34
Someone,nonaged
Andres Iniesta,34
Lionel Messi,31
Andres Iniesta,34
